AS,	200
1989-01-01,1,	55.2
1989-01-09,2,	55.68
1989-01-17,3,	56.0
1989-01-26,4,	57.55
1989-01-29,5,	53.3
1988-02-06,6,	48.3
1988-02-08,7,	48.5
1988-02-14,8,	49.4
1988-02-26,9,	50.8
1988-03-02,10,	51.75
1988-03-10,11,	51.72
1988-03-15,12,	52.2
1988-03-23,13,	53.2
1988-04-01,14,	52.2
1988-04-09,15,	52.72
1988-04-13,16,	55.25
1988-04-22,17,	53.5
1988-04-30,18,	51.5
1988-05-04,19,	53.77
1988-05-08,20,	54.0
1988-05-21,21,	50.4
1988-05-27,22,	52.2
1988-06-02,23,	51.8
1988-06-06,24,	53.9
1988-06-18,25,	53.2
1988-06-22,26,	52.65
1988-07-01,27,	52.8
1988-07-03,28,	53.5
1988-07-14,29,	54.0
1988-07-23,30,	53.37
1988-07-27,31,	53.25
1988-08-05,32,	53.15
1988-08-07,33,	54.42
1988-08-20,34,	52.5
1988-08-26,35,	52.5
1988-08-29,36,	52.9
1988-09-10,37,	52.2
1988-09-13,38,	52.0
1988-09-22,39,	52.5
1988-09-29,40,	53.2
1988-10-04,41,	55.1
1988-10-14,42,	53.6
1988-10-21,43,	52.8
1988-10-24,44,	53.22
1988-11-02,45,	54.4
1988-11-09,46,	54.0
1988-11-17,47,	53.9
1988-11-24,48,	54.0
1988-12-01,49,	54.0
1988-12-09,50,	53.25
1988-12-15,51,	56.7
1988-12-20,52,	53.8
1988-12-29,53,	57.6
AS,	200
1996-01-02,1,	88.03
1996-01-09,2,	85.2
1996-01-19,3,	85.3
1996-01-27,4,	84.46
1996-01-29,5,	84.48
1995-02-07,6,	80.0
1995-02-16,7,	83.6
1995-02-23,8,	81.21
1995-03-04,9,	81.65
1995-03-08,10,	83.07
1995-03-18,11,	83.61
1995-03-24,12,	84.4
1995-04-01,13,	85.22
1995-04-08,14,	81.53
1995-04-10,15,	82.62
1995-04-17,16,	83.46
1995-04-29,17,	84.18
1995-05-01,18,	82.8
1995-05-11,19,	85.28
1995-05-17,20,	82.72
1995-05-26,21,	82.28
1995-05-30,22,	82.4
1995-06-08,23,	84.0
1995-06-17,24,	81.65
1995-06-23,25,	85.02
1995-06-27,26,	84.57
1995-07-05,27,	82.07
1995-07-11,28,	80.06
1995-07-17,29,	77.2
1995-07-28,30,	81.42
1995-08-02,31,	80.64
1995-08-08,32,	81.06
1995-08-17,33,	80.45
1995-08-23,34,	79.27
1995-08-30,35,	80.37
1995-09-08,36,	80.3
1995-09-13,37,	80.6
1995-09-19,38,	80.5
1995-09-28,39,	79.5
1995-10-06,40,	81.59
1995-10-09,41,	81.2
1995-10-17,42,	82.36
1995-10-28,43,	83.18
1995-11-04,44,	81.6
1995-11-08,45,	84.46
1995-11-13,46,	81.87
1995-11-21,47,	81.03
1995-12-01,48,	81.76
1995-12-05,49,	84.18
1995-12-16,50,	84.15
1995-12-22,51,	85.97
1995-12-26,52,	82.61
AS,	200
2002-12-29,1,	79.32
2003-01-09,2,	77.48
2003-01-13,3,	78.84
2003-01-24,4,	77.7
2002-02-01,5,	76.8
2002-02-06,6,	73.92
2002-02-15,7,	75.06
2002-02-18,8,	73.8
2002-02-24,9,	72.68
2002-03-04,10,	73.04
2002-03-12,11,	76.5
2002-03-20,12,	75.79
2002-03-26,13,	74.8
2002-04-01,14,	75.64
2002-04-13,15,	76.31
2002-04-15,16,	74.53
2002-04-26,17,	77.55
2002-04-29,18,	76.23
2002-05-05,19,	76.73
2002-05-17,20,	76.44
2002-05-19,21,	75.33
2002-05-27,22,	75.07
2002-06-02,23,	75.05
2002-06-10,24,	75.9
2002-06-22,25,	76.6
2002-06-29,26,	75.59
2002-07-02,27,	75.48
2002-07-09,28,	77.48
2002-07-18,29,	75.81
2002-07-25,30,	77.62
2002-07-29,31,	78.12
2002-08-08,32,	78.78
2002-08-13,33,	76.11
2002-08-21,34,	75.59
2002-08-29,35,	76.22
2002-09-06,36,	75.81
2002-09-10,37,	77.7
2002-09-15,38,	76.78
2002-09-22,39,	77.89
2002-09-29,40,	75.92
2002-10-09,41,	75.19
2002-10-15,42,	75.82
2002-10-20,43,	76.7
2002-10-30,44,	78.0
2002-11-04,45,	76.22
2002-11-11,46,	75.9
2002-11-19,47,	78.08
2002-11-29,48,	77.43
2002-12-01,49,	76.59
2002-12-12,50,	77.42
2002-12-15,51,	77.04
2002-12-25,52,	80.36
AS,	200
2009-12-27,1,	112.32
2009-02-06,6,	110.55
2009-02-08,7,	109.04
2009-02-20,8,	110.16
2009-02-23,9,	109.59
2009-03-04,10,	108.5
2009-03-13,11,	110.69
2009-03-15,12,	111.78
2009-03-28,13,	108.35
2009-04-04,14,	108.77
2009-04-10,15,	108.85
2009-04-13,16,	107.2
2009-04-25,17,	104.92
2009-05-01,18,	106.09
2009-05-04,19,	108.12
2009-05-14,20,	110.05
2009-05-21,21,	108.0
2009-05-25,22,	110.09
2009-06-01,23,	106.72
2009-06-10,24,	112.63
2009-06-17,25,	110.55
2009-06-27,26,	115.0
2009-06-30,27,	113.54
2009-07-08,28,	112.11
2009-07-18,29,	115.17
2009-07-19,30,	114.1
2009-07-28,31,	110.93
2009-08-07,32,	117.0
2009-08-15,33,	110.05
2009-08-19,34,	113.1
2009-08-23,35,	113.4
2009-09-01,36,	110.81
2009-09-12,37,	111.39
2009-09-19,38,	115.44
2009-09-21,39,	112.38
2009-10-03,40,	112.7
2009-10-09,41,	116.17
2009-10-13,42,	112.8
2009-10-24,43,	111.6
2009-10-27,44,	113.83
2009-11-02,45,	110.25
2009-11-14,46,	114.1
2009-11-15,47,	110.0
2009-11-28,48,	113.42
2009-11-29,49,	116.15
2009-12-12,50,	115.93
2009-12-15,51,	116.9
2009-12-20,52,	116.48
AS,	200
1990-01-03,1,	57.0
1990-01-12,2,	56.65
1990-01-17,3,	58.82
1990-01-27,4,	55.82
1989-02-01,5,	55.72
1989-02-10,6,	56.17
1989-02-18,7,	55.3
1989-02-24,8,	56.99
1989-03-03,9,	56.52
1989-03-11,10,	58.1
1989-03-12,11,	56.0
1989-03-19,12,	54.0
1989-04-01,13,	59.4
1989-04-03,14,	54.67
1989-04-09,15,	56.7
1989-04-20,16,	54.8
1989-04-25,17,	56.62
1989-05-06,18,	55.27
1989-05-11,19,	56.6
1989-05-18,20,	56.55
1989-05-27,21,	55.44
1989-06-03,22,	55.47
1989-06-08,23,	57.0
1989-06-16,24,	56.05
1989-06-19,25,	58.82
1989-07-01,26,	56.0
1989-07-02,27,	54.9
1989-07-15,28,	56.5
1989-07-17,29,	58.95
1989-07-27,30,	57.5
1989-08-03,31,	57.67
1989-08-10,32,	56.7
1989-08-17,33,	58.0
1989-08-24,34,	56.77
1989-08-29,35,	55.8
1989-09-06,36,	54.6
1989-09-10,37,	56.5
1989-09-21,38,	56.55
1989-09-25,39,	57.85
1989-10-07,40,	59.4
1989-10-11,41,	55.2
1989-10-18,42,	55.2
1989-10-25,43,	55.2
1989-11-04,44,	56.17
1989-11-08,45,	57.2
1989-11-14,46,	56.87
1989-11-23,47,	57.4
1989-11-28,48,	55.8
1989-12-05,49,	56.0
1989-12-16,50,	56.0
1989-12-17,51,	58.05
1989-12-30,52,	57.0
AS,	200
1997-01-03,1,	80.59
1997-01-08,2,	83.39
1997-01-12,3,	83.49
1997-01-24,4,	84.24
1997-01-30,5,	84.48
1996-02-09,6,	85.14
1996-02-17,7,	83.18
1996-02-18,8,	82.34
1996-02-28,9,	84.81
1996-03-06,10,	86.64
1996-03-11,11,	86.62
1996-03-21,12,	82.45
1996-03-25,13,	83.6
1996-04-01,14,	83.52
1996-04-11,15,	84.64
1996-04-17,16,	84.0
1996-04-23,17,	86.55
1996-04-28,18,	81.37
1996-05-07,19,	82.8
1996-05-13,20,	84.0
1996-05-21,21,	81.62
1996-05-29,22,	81.34
1996-06-02,23,	82.62
1996-06-12,24,	80.0
1996-06-16,25,	81.2
1996-06-28,26,	79.2
1996-07-04,27,	81.9
1996-07-12,28,	80.13
1996-07-15,29,	76.47
1996-07-22,30,	79.79
1996-08-02,31,	81.59
1996-08-06,32,	78.02
1996-08-15,33,	79.8
1996-08-24,34,	77.08
1996-08-31,35,	78.09
1996-09-07,36,	78.28
1996-09-14,37,	76.84
1996-09-18,38,	78.2
1996-09-23,39,	80.15
1996-10-03,40,	76.72
1996-10-06,41,	78.44
1996-10-13,42,	79.99
1996-10-23,43,	80.23
1996-10-27,44,	82.36
1996-11-08,45,	80.45
1996-11-16,46,	81.04
1996-11-18,47,	79.79
1996-11-30,48,	80.3
1996-12-06,49,	79.56
1996-12-08,50,	81.19
1996-12-20,51,	81.66
1996-12-22,52,	84.19
AS,	200
2003-12-30,1,	84.63
2004-01-05,2,	84.5
2004-01-16,3,	87.21
2004-01-19,4,	85.2
2004-01-25,5,	86.01
2003-02-03,6,	86.01
2003-02-13,7,	86.21
2003-02-16,8,	86.33
2003-03-01,9,	86.64
2003-03-06,10,	84.78
2003-03-13,11,	86.49
2003-03-17,12,	84.38
2003-03-26,13,	86.28
2003-04-04,14,	85.8
2003-04-08,15,	87.16
2003-04-18,16,	86.4
2003-04-26,17,	84.0
2003-05-01,18,	87.11
2003-05-04,19,	86.24
2003-05-13,20,	87.0
2003-05-22,21,	86.31
2003-05-26,22,	84.79
2003-06-07,23,	85.61
2003-06-08,24,	85.8
2003-06-18,25,	85.6
2003-06-26,26,	86.18
2003-06-29,27,	87.53
2003-07-12,28,	85.47
2003-07-14,29,	85.12
2003-07-26,30,	86.73
2003-07-28,31,	83.07
2003-08-04,32,	84.56
2003-08-12,33,	86.41
2003-08-20,34,	83.79
2003-08-26,35,	87.21
2003-09-04,36,	85.85
2003-09-11,37,	87.18
2003-09-20,38,	85.95
2003-09-22,39,	84.76
2003-10-02,40,	86.9
2003-10-06,41,	84.9
2003-10-18,42,	88.04
2003-10-24,43,	85.85
2003-10-30,44,	82.65
2003-11-08,45,	87.33
2003-11-14,46,	85.85
2003-11-17,47,	84.75
2003-11-25,48,	84.39
2003-12-01,49,	83.58
2003-12-13,50,	85.6
2003-12-18,51,	86.4
2003-12-24,52,	84.42
AS,	200
2011-01-01,1,	126.34
2011-01-04,2,	127.68
2011-01-11,3,	126.26
2011-01-20,4,	125.61
2011-01-23,5,	128.05
2010-02-06,6,	126.4
2010-02-09,7,	123.19
2010-02-15,8,	124.74
2010-02-21,9,	125.35
2010-03-02,10,	126.13
2010-03-13,11,	122.84
2010-03-17,12,	125.28
2010-03-22,13,	123.2
2010-04-03,14,	123.16
2010-04-05,15,	125.8
2010-04-16,16,	120.52
2010-04-20,17,	119.0
2010-04-25,18,	122.84
2010-05-05,19,	122.84
2010-05-11,20,	122.4
2010-05-20,21,	122.62
2010-05-28,22,	121.26
2010-06-03,23,	124.8
2010-06-06,24,	126.44
2010-06-13,25,	126.0
2010-06-21,26,	128.69
2010-07-01,27,	129.15
2010-07-07,28,	127.98
2010-07-12,29,	126.9
2010-07-24,30,	123.42
2010-07-29,31,	126.84
2010-08-05,32,	127.13
2010-08-12,33,	125.24
2010-08-17,34,	124.0
2010-08-24,35,	125.4
2010-09-04,36,	120.96
2010-09-08,37,	123.08
2010-09-15,38,	126.25
2010-09-21,39,	124.35
2010-09-26,40,	126.75
2010-10-08,41,	124.77
2010-10-15,42,	122.43
2010-10-22,43,	125.32
2010-10-27,44,	125.51
2010-11-04,45,	124.01
2010-11-08,46,	124.03
2010-11-18,47,	128.27
2010-11-24,48,	122.85
2010-11-28,49,	120.17
AS,	200
1991-01-04,1,	57.55
1991-01-06,2,	59.5
1991-01-13,3,	58.82
1991-01-22,4,	60.0
1991-01-28,5,	57.0
1990-02-10,6,	55.9
1990-02-11,7,	55.9
1990-02-18,8,	55.65
1990-03-01,9,	56.7
1990-03-07,10,	60.8
1990-03-11,11,	57.62
1990-03-23,12,	56.7
1990-03-27,13,	57.6
1990-04-01,14,	57.07
1990-04-14,15,	55.8
1990-04-17,16,	57.75
1990-04-28,17,	56.45
1990-04-30,18,	57.15
1990-05-10,19,	56.17
1990-05-15,20,	56.7
1990-05-25,21,	56.02
1990-05-29,22,	58.0
1990-06-08,23,	57.0
1990-06-12,24,	56.6
1990-06-21,25,	58.9
1990-06-29,26,	57.85
1990-07-04,27,	55.57
1990-07-08,28,	57.85
1990-07-21,29,	57.75
1990-07-24,30,	59.45
1990-08-02,31,	58.85
1990-08-05,32,	58.0
1990-08-15,33,	59.4
1990-08-20,34,	59.5
1990-08-31,35,	57.6
1990-09-06,36,	57.4
1990-09-10,37,	59.4
1990-09-21,38,	59.25
1990-09-25,39,	57.6
1990-10-01,40,	56.0
1990-10-07,41,	58.87
1990-10-14,42,	58.9
1990-10-26,43,	57.75
1990-11-02,44,	58.27
1990-11-06,45,	58.0
1990-11-12,46,	58.9
1990-11-24,47,	59.22
1990-11-29,48,	59.4
1990-12-04,49,	59.97
1990-12-15,50,	58.9
1990-12-22,51,	59.12
1990-12-28,52,	59.85
AS,	200
1997-12-30,1,	84.56
1998-01-05,2,	83.2
1998-01-12,3,	80.98
1998-01-18,4,	82.37
1997-02-01,5,	81.2
1997-02-08,6,	82.74
1997-02-14,7,	81.31
1997-02-19,8,	81.65
1997-02-24,9,	79.7
1997-03-07,10,	80.36
1997-03-14,11,	81.5
1997-03-21,12,	79.92
1997-03-27,13,	80.36
1997-04-05,14,	81.0
1997-04-12,15,	79.86
1997-04-13,16,	80.84
1997-04-23,17,	79.04
1997-05-02,18,	79.12
1997-05-07,19,	81.97
1997-05-16,20,	78.31
1997-05-20,21,	82.08
1997-05-29,22,	79.68
1997-06-02,23,	78.88
1997-06-14,24,	79.38
1997-06-18,25,	76.97
1997-06-25,26,	78.65
1997-06-30,27,	79.2
1997-07-08,28,	79.8
1997-07-15,29,	80.81
1997-07-24,30,	82.11
1997-07-29,31,	78.97
1997-08-09,32,	83.56
1997-08-11,33,	85.26
1997-08-20,34,	82.15
1997-08-24,35,	81.77
1997-09-02,36,	82.66
1997-09-09,37,	82.62
1997-09-16,38,	83.45
1997-09-23,39,	83.73
1997-09-30,40,	83.42
1997-10-10,41,	81.73
1997-10-17,42,	81.78
1997-10-23,43,	81.9
1997-10-29,44,	79.09
1997-11-03,45,	79.83
1997-11-13,46,	83.07
1997-11-20,47,	81.9
1997-11-29,48,	80.51
1997-12-04,49,	82.5
1997-12-12,50,	84.68
1997-12-17,51,	80.23
1997-12-26,52,	81.78
AS,	200
2004-12-30,1,	96.17
2005-01-03,2,	99.44
2005-01-15,3,	97.01
2005-01-19,4,	97.55
2005-01-28,5,	97.5
2004-02-06,6,	97.92
2004-02-12,7,	96.03
2004-02-20,8,	95.45
2004-02-23,9,	93.74
2004-03-01,10,	93.62
2004-03-13,11,	95.16
2004-03-19,12,	95.58
2004-03-23,13,	95.04
2004-04-03,14,	94.38
2004-04-08,15,	98.7
2004-04-12,16,	94.86
2004-04-20,17,	95.81
2004-04-26,18,	93.72
2004-05-02,19,	95.14
2004-05-09,20,	95.87
2004-05-20,21,	93.52
2004-05-23,22,	96.63
2004-06-02,23,	95.76
2004-06-12,24,	98.7
2004-06-15,25,	96.47
2004-06-26,26,	93.0
2004-07-02,27,	94.06
2004-07-09,28,	97.96
2004-07-17,29,	97.85
2004-07-21,30,	98.91
2004-07-30,31,	99.2
2004-08-03,32,	94.86
2004-08-13,33,	97.5
2004-08-17,34,	96.66
2004-08-28,35,	95.4
2004-08-30,36,	96.6
2004-09-06,37,	97.31
2004-09-13,38,	97.85
2004-09-19,39,	96.2
2004-09-29,40,	96.0
2004-10-08,41,	94.2
2004-10-10,42,	96.0
2004-10-21,43,	94.86
2004-10-29,44,	95.73
2004-11-02,45,	95.92
2004-11-08,46,	98.15
2004-11-15,47,	96.57
2004-11-23,48,	98.0
2004-11-28,49,	98.49
2004-12-11,50,	93.75
2004-12-13,51,	96.05
2004-12-20,52,	98.77
AS,	200
2012-01-05,1,	138.6
2012-01-08,2,	136.71
2012-01-16,3,	143.36
2012-01-24,4,	141.92
2012-01-30,5,	144.1
2011-02-02,6,	142.55
2011-02-10,7,	139.16
2011-02-17,8,	135.53
2011-02-26,9,	134.62
2011-03-02,10,	138.65
2011-03-12,11,	136.68
2011-03-17,12,	137.94
2011-03-24,13,	137.26
2011-04-01,14,	143.28
2011-04-03,15,	136.46
2011-04-10,16,	136.12
2011-04-23,17,	137.02
2011-04-25,18,	135.96
2011-05-03,19,	139.08
2011-05-08,20,	138.84
2011-05-19,21,	138.6
2011-05-26,22,	134.63
2011-06-02,23,	138.32
2011-06-09,24,	136.35
2011-06-18,25,	136.08
2011-06-20,26,	139.95
2011-07-01,27,	137.75
2011-07-05,28,	138.18
2011-07-13,29,	134.0
2011-07-21,30,	136.87
2011-07-26,31,	135.72
2011-08-02,32,	141.25
2011-08-12,33,	138.37
2011-08-15,34,	134.76
2011-08-23,35,	138.46
2011-08-29,36,	140.16
2011-09-06,37,	132.3
2011-09-14,38,	134.57
2011-09-18,39,	138.88
2011-10-01,40,	136.91
2011-10-06,41,	138.33
2011-10-12,42,	134.28
2011-10-21,43,	139.71
2011-10-29,44,	141.12
2011-11-03,45,	136.88
2011-11-09,46,	136.16
2011-11-14,47,	135.59
2011-11-25,48,	138.91
2011-11-30,49,	143.22
2011-12-10,50,	140.8
2011-12-13,51,	138.28
2011-12-22,52,	141.12
2011-12-28,53,	141.78
AS,	200
1992-01-02,1,	61.2
1992-01-08,2,	61.77
1992-01-17,3,	61.05
1992-01-24,4,	61.2
1992-01-30,5,	59.4
1991-02-07,6,	57.6
1991-02-11,7,	58.5
1991-02-22,8,	57.6
1991-02-28,9,	57.4
1991-03-06,10,	58.35
1991-03-16,11,	60.3
1991-03-22,12,	58.7
1991-03-24,13,	59.3
1991-04-05,14,	58.8
1991-04-11,15,	57.17
1991-04-14,16,	59.2
1991-04-27,17,	56.25
1991-05-04,18,	57.45
1991-05-05,19,	58.1
1991-05-14,20,	57.6
1991-05-19,21,	54.82
1991-05-26,22,	58.8
1991-06-06,23,	57.75
1991-06-09,24,	59.4
1991-06-22,25,	59.45
1991-06-24,26,	58.65
1991-07-04,27,	60.15
1991-07-11,28,	62.7
1991-07-18,29,	61.6
1991-07-27,30,	64.0
1991-08-02,31,	65.5
1991-08-10,32,	62.4
1991-08-12,33,	62.5
1991-08-18,34,	61.6
1991-08-27,35,	63.0
1991-09-04,36,	63.9
1991-09-10,37,	61.95
1991-09-21,38,	63.0
1991-09-24,39,	62.0
1991-09-29,40,	62.15
1991-10-11,41,	62.4
1991-10-17,42,	63.45
1991-10-26,43,	61.2
1991-11-01,44,	63.75
1991-11-06,45,	62.0
1991-11-14,46,	60.0
1991-11-17,47,	63.72
1991-11-24,48,	62.4
1991-12-01,49,	60.77
1991-12-14,50,	64.0
1991-12-19,51,	60.55
1991-12-24,52,	63.25
AS,	200
1998-12-30,1,	81.09
1999-01-09,2,	83.13
1999-01-14,3,	84.07
1999-01-18,4,	84.24
1999-01-27,5,	85.2
1998-02-04,6,	82.18
1998-02-08,7,	80.0
1998-02-17,8,	80.29
1998-02-24,9,	79.86
1998-03-07,10,	80.09
1998-03-08,11,	82.56
1998-03-19,12,	79.68
1998-03-24,13,	80.59
1998-04-02,14,	79.3
1998-04-08,15,	81.51
1998-04-16,16,	81.51
1998-04-19,17,	80.92
1998-05-01,18,	81.03
1998-05-07,19,	81.84
1998-05-10,20,	80.19
1998-05-23,21,	80.08
1998-05-25,22,	82.56
1998-06-05,23,	81.84
1998-06-07,24,	80.75
1998-06-16,25,	80.02
1998-06-25,26,	82.08
1998-06-30,27,	80.59
1998-07-06,28,	84.84
1998-07-14,29,	84.39
1998-07-19,30,	84.24
1998-07-29,31,	84.28
1998-08-02,32,	83.47
1998-08-12,33,	85.74
1998-08-21,34,	85.5
1998-08-26,35,	85.89
1998-09-04,36,	87.1
1998-09-08,37,	86.51
1998-09-18,38,	85.8
1998-09-20,39,	86.45
1998-10-01,40,	82.16
1998-10-06,41,	83.83
1998-10-16,42,	86.58
1998-10-22,43,	84.24
1998-10-25,44,	85.09
1998-11-02,45,	83.89
1998-11-11,46,	81.13
1998-11-21,47,	83.07
1998-11-25,48,	81.86
1998-12-02,49,	84.24
1998-12-06,50,	86.46
1998-12-15,51,	83.97
1998-12-23,52,	83.76
AS,	200
2006-01-07,1,	109.2
2006-01-09,2,	109.0
2006-01-18,3,	108.3
2006-01-24,4,	111.0
2006-01-29,5,	109.94
2005-02-05,6,	106.09
2005-02-11,7,	106.68
2005-02-19,8,	106.09
2005-02-22,9,	107.44
2005-03-01,10,	106.61
2005-03-09,11,	105.0
2005-03-16,12,	105.4
2005-03-21,13,	109.32
2005-04-01,14,	103.94
2005-04-07,15,	104.96
2005-04-14,16,	104.14
2005-04-21,17,	105.9
2005-04-27,18,	106.33
2005-05-07,19,	103.86
2005-05-11,20,	106.8
2005-05-17,21,	107.34
2005-05-22,22,	104.16
2005-06-01,23,	105.85
2005-06-05,24,	104.14
2005-06-15,25,	104.94
2005-06-23,26,	106.26
2005-07-01,27,	104.97
2005-07-06,28,	107.67
2005-07-14,29,	105.02
2005-07-20,30,	107.64
2005-07-29,31,	104.87
2005-08-05,32,	107.03
2005-08-12,33,	105.78
2005-08-20,34,	103.35
2005-08-24,35,	102.94
2005-09-01,36,	105.85
2005-09-05,37,	103.79
2005-09-13,38,	106.95
2005-09-19,39,	102.7
2005-09-27,40,	107.69
2005-10-02,41,	104.92
2005-10-11,42,	107.3
2005-10-21,43,	108.36
2005-10-29,44,	107.8
2005-11-03,45,	105.19
2005-11-08,46,	107.1
2005-11-15,47,	107.92
2005-11-21,48,	105.06
2005-11-27,49,	107.2
2005-12-04,50,	108.6
2005-12-12,51,	108.8
2005-12-24,52,	110.63
2005-12-29,53,	107.69
AS,	200
2013-01-03,1,	153.75
2013-01-06,2,	155.33
2013-01-17,3,	152.72
2013-01-24,4,	159.84
2013-01-29,5,	155.76
2012-02-05,6,	151.58
2012-02-17,7,	151.19
2012-02-19,8,	150.06
2012-02-26,9,	154.54
2012-03-08,10,	151.97
2012-03-14,11,	153.69
2012-03-24,12,	148.94
2012-03-27,13,	155.0
2012-04-02,14,	152.0
2012-04-11,15,	153.27
2012-04-16,16,	151.25
2012-04-26,17,	151.5
2012-05-05,18,	152.0
2012-05-10,19,	153.13
2012-05-15,20,	154.44
2012-05-23,21,	147.22
2012-06-02,22,	151.19
2012-06-05,23,	156.94
2012-06-14,24,	149.99
2012-06-17,25,	151.8
2012-06-28,26,	152.39
2012-07-07,27,	155.26
2012-07-08,28,	152.6
2012-07-19,29,	152.88
2012-07-27,30,	149.03
2012-08-01,31,	151.19
2012-08-08,32,	150.8
2012-08-18,33,	150.47
2012-08-25,34,	149.25
2012-08-27,35,	150.7
2012-09-02,36,	150.77
2012-09-13,37,	153.51
2012-09-22,38,	151.31
2012-09-28,39,	152.52
2012-10-03,40,	156.63
2012-10-11,41,	155.15
2012-10-20,42,	152.12
2012-10-25,43,	154.0
2012-11-01,44,	150.7
2012-11-06,45,	152.61
2012-11-14,46,	153.3
2012-11-19,47,	151.39
2012-12-01,48,	151.19
2012-12-08,49,	153.09
2012-12-10,50,	157.24
2012-12-17,51,	162.25
2012-12-24,52,	157.85
AS,	200
1992-12-28,1,	63.12
1993-01-05,2,	62.25
1993-01-16,3,	63.6
1993-01-21,4,	62.6
1992-02-01,5,	62.4
1992-02-04,6,	62.02
1992-02-15,7,	57.75
1992-02-17,8,	59.2
1992-02-25,9,	60.0
1992-03-03,10,	61.5
1992-03-09,11,	61.2
1992-03-18,12,	62.7
1992-03-24,13,	60.9
1992-04-03,14,	60.45
1992-04-05,15,	62.4
1992-04-16,16,	60.67
1992-04-20,17,	62.0
1992-04-30,18,	61.2
1992-05-08,19,	62.05
1992-05-16,20,	62.4
1992-05-23,21,	61.0
1992-05-26,22,	61.1
1992-06-04,23,	61.0
1992-06-13,24,	63.0
1992-06-17,25,	63.0
1992-06-27,26,	63.02
1992-06-30,27,	62.12
1992-07-05,28,	60.75
1992-07-14,29,	62.1
1992-07-25,30,	62.0
1992-07-30,31,	62.4
1992-08-06,32,	61.2
1992-08-10,33,	65.09
1992-08-20,34,	64.0
1992-08-25,35,	64.0
1992-09-05,36,	63.65
1992-09-06,37,	65.09
1992-09-13,38,	62.0
1992-09-25,39,	64.59
1992-09-28,40,	63.9
1992-10-06,41,	62.4
1992-10-15,42,	63.65
1992-10-18,43,	63.0
1992-10-29,44,	62.4
1992-11-04,45,	60.55
1992-11-12,46,	62.85
1992-11-21,47,	63.6
1992-11-24,48,	61.2
1992-11-29,49,	63.0
1992-12-09,50,	63.0
1992-12-17,51,	62.17
1992-12-21,52,	65.09
AS,	200
1999-12-26,1,	96.7
2000-01-03,2,	97.27
2000-01-09,3,	97.75
2000-01-22,4,	98.0
2000-01-26,5,	100.44
1999-02-05,6,	93.82
1999-02-07,7,	93.35
1999-02-19,8,	90.27
1999-02-25,9,	88.73
1999-03-06,10,	91.2
1999-03-07,11,	88.8
1999-03-18,12,	92.82
1999-03-27,13,	95.2
1999-04-03,14,	92.4
1999-04-10,15,	97.12
1999-04-12,16,	96.73
1999-04-19,17,	96.0
1999-04-29,18,	95.04
1999-05-03,19,	94.25
1999-05-11,20,	92.16
1999-05-21,21,	95.08
1999-05-23,22,	94.4
1999-06-01,23,	96.83
1999-06-10,24,	93.49
1999-06-13,25,	96.12
1999-06-26,26,	95.58
1999-07-02,27,	95.04
1999-07-10,28,	95.12
1999-07-14,29,	95.97
1999-07-19,30,	94.47
1999-07-28,31,	94.6
1999-08-05,32,	97.8
1999-08-09,33,	95.09
1999-08-15,34,	94.61
1999-08-23,35,	94.0
1999-09-03,36,	94.09
1999-09-06,37,	97.29
1999-09-16,38,	95.04
1999-09-21,39,	95.92
1999-10-02,40,	95.76
1999-10-08,41,	97.68
1999-10-16,42,	93.75
1999-10-22,43,	95.2
1999-10-30,44,	93.84
1999-11-03,45,	96.04
1999-11-07,46,	94.17
1999-11-15,47,	96.9
1999-11-27,48,	94.86
1999-12-02,49,	94.47
1999-12-09,50,	99.0
1999-12-14,51,	97.97
1999-12-25,52,	98.01
AS,	200
2007-01-05,1,	120.25
2007-01-10,2,	120.87
2007-01-18,3,	118.75
2007-01-25,4,	123.46
2007-01-29,5,	120.4
2006-02-08,6,	116.1
2006-02-15,7,	116.7
2006-02-25,8,	120.0
2006-02-27,9,	118.3
2006-03-08,10,	118.58
2006-03-18,11,	120.31
2006-03-21,12,	119.86
2006-03-27,13,	117.75
2006-04-06,14,	120.0
2006-04-15,15,	120.08
2006-04-17,16,	117.53
2006-04-25,17,	119.79
2006-05-01,18,	120.1
2006-05-12,19,	117.22
2006-05-19,20,	119.26
2006-05-25,21,	117.99
2006-05-28,22,	120.75
2006-06-04,23,	116.4
2006-06-14,24,	117.75
2006-06-20,25,	119.32
2006-07-01,26,	116.92
2006-07-02,27,	117.86
2006-07-09,28,	117.6
2006-07-21,29,	118.69
2006-07-27,30,	116.56
2006-08-01,31,	119.56
2006-08-12,32,	117.12
2006-08-18,33,	117.39
2006-08-25,34,	117.26
2006-08-30,35,	120.08
2006-09-09,36,	115.5
2006-09-11,37,	120.4
2006-09-19,38,	118.36
2006-09-29,39,	116.44
2006-10-07,40,	119.03
2006-10-11,41,	118.77
2006-10-17,42,	117.28
2006-10-27,43,	118.58
2006-10-30,44,	116.37
2006-11-07,45,	120.78
2006-11-12,46,	119.32
2006-11-23,47,	118.37
2006-11-26,48,	119.72
2006-12-06,49,	119.7
2006-12-14,50,	118.69
2006-12-20,51,	119.83
2006-12-28,52,	119.31
AS,	200
2014-01-03,1,	168.0
2014-01-05,2,	169.2
2014-01-17,3,	163.4
2014-01-25,4,	175.92
2014-01-29,5,	176.12
2013-02-06,6,	168.75
2013-02-14,7,	167.31
2013-02-21,8,	170.0
2013-02-25,9,	171.82
2013-03-04,10,	166.95
2013-03-16,11,	170.64
2013-03-21,12,	164.89
2013-03-28,13,	167.48
2013-04-03,14,	171.14
2013-04-07,15,	167.84
2013-04-17,16,	167.2
2013-04-25,17,	165.89
2013-05-02,18,	166.0
2013-05-05,19,	168.95
2013-05-18,20,	161.19
2013-05-22,21,	162.74
2013-06-01,22,	168.48
2013-06-03,23,	165.4
2013-06-09,24,	161.53
2013-06-16,25,	167.61
2013-06-28,26,	166.11
2013-07-05,27,	165.12
2013-07-11,28,	165.6
2013-07-15,29,	160.87
2013-07-24,30,	159.9
2013-08-02,31,	162.36
2013-08-09,32,	158.5
2013-08-14,33,	156.04
2013-08-23,34,	158.74
2013-08-29,35,	156.45
2013-09-07,36,	154.79
2013-09-08,37,	159.11
2013-09-18,38,	156.8
2013-09-25,39,	161.88
2013-09-30,40,	159.65
2013-10-06,41,	157.5
2013-10-13,42,	158.1
2013-10-25,43,	156.4
2013-11-02,44,	160.39
2013-11-09,45,	160.19
2013-11-15,46,	162.0
2013-11-22,47,	157.06
2013-11-29,48,	164.3
2013-12-07,49,	166.75
2013-12-12,50,	166.65
2013-12-20,51,	163.8
2013-12-25,52,	171.58
AS,	200
1993-12-30,1,	66.24
1994-01-04,2,	66.3
1994-01-09,3,	64.73
1994-01-17,4,	68.15
1994-01-27,5,	70.2
1993-02-01,6,	65.32
1993-02-10,7,	64.59
1993-02-14,8,	63.65
1993-02-26,9,	64.74
1993-03-03,10,	60.54
1993-03-07,11,	60.8
1993-03-16,12,	64.63
1993-03-25,13,	63.75
1993-04-03,14,	62.12
1993-04-07,15,	64.48
1993-04-16,16,	62.0
1993-04-22,17,	62.1
1993-04-29,18,	62.56
1993-05-06,19,	60.75
1993-05-15,20,	60.63
1993-05-19,21,	61.36
1993-05-23,22,	60.35
1993-06-03,23,	62.2
1993-06-06,24,	61.47
1993-06-14,25,	61.38
1993-06-25,26,	60.6
1993-06-29,27,	60.75
1993-07-09,28,	63.7
1993-07-14,29,	62.05
1993-07-24,30,	64.42
1993-07-28,31,	64.54
1993-08-03,32,	65.25
1993-08-12,33,	62.62
1993-08-19,34,	63.0
1993-08-27,35,	65.45
1993-09-04,36,	64.4
1993-09-11,37,	67.2
1993-09-17,38,	66.0
1993-09-22,39,	64.66
1993-10-02,40,	66.01
1993-10-09,41,	66.0
1993-10-10,42,	66.35
1993-10-23,43,	66.42
1993-10-30,44,	66.0
1993-11-02,45,	65.52
1993-11-10,46,	65.55
1993-11-14,47,	64.0
1993-11-21,48,	62.81
1993-11-29,49,	65.52
1993-12-07,50,	68.15
1993-12-15,51,	65.59
1993-12-22,52,	66.06
AS,	200
2001-01-05,1,	106.6
2001-01-13,2,	106.8
2001-01-17,3,	103.32
2001-01-26,4,	107.64
2001-01-29,5,	105.82
2000-02-04,6,	107.05
2000-02-06,7,	106.82
2000-02-14,8,	106.31
2000-02-22,9,	105.79
2000-03-03,10,	105.86
2000-03-08,11,	104.96
2000-03-14,12,	108.48
2000-03-22,13,	107.03
2000-04-01,14,	107.1
2000-04-04,15,	108.15
2000-04-11,16,	108.56
2000-04-16,17,	106.82
2000-04-28,18,	106.64
2000-05-01,19,	105.84
2000-05-08,20,	107.11
2000-05-15,21,	106.11
2000-05-21,22,	105.3
2000-06-03,23,	104.4
2000-06-09,24,	106.92
2000-06-16,25,	104.91
2000-06-23,26,	102.42
2000-06-26,27,	106.7
2000-07-03,28,	108.0
2000-07-14,29,	105.35
2000-07-16,30,	108.8
2000-07-27,31,	106.84
2000-08-04,32,	105.09
2000-08-08,33,	107.76
2000-08-13,34,	105.45
2000-08-25,35,	105.57
2000-08-28,36,	107.27
2000-09-04,37,	108.1
2000-09-12,38,	106.05
2000-09-21,39,	105.0
2000-09-30,40,	104.65
2000-10-05,41,	107.3
2000-10-11,42,	109.14
2000-10-18,43,	105.12
2000-10-24,44,	104.64
2000-11-03,45,	107.3
2000-11-07,46,	107.36
2000-11-16,47,	109.58
2000-11-20,48,	106.0
2000-11-26,49,	104.72
2000-12-08,50,	105.6
2000-12-14,51,	107.35
2000-12-22,52,	109.76
2000-12-25,53,	110.07
AS,	200
2008-01-03,1,	132.54
2008-01-07,2,	132.99
2008-01-16,3,	135.7
2008-01-21,4,	137.63
2008-01-30,5,	131.57
2007-02-09,6,	129.41
2007-02-11,7,	128.63
2007-02-23,8,	128.69
2007-03-01,9,	129.36
2007-03-08,10,	132.8
2007-03-11,11,	133.94
2007-03-22,12,	127.26
2007-03-25,13,	129.6
2007-04-03,14,	128.74
2007-04-08,15,	130.39
2007-04-17,16,	129.28
2007-04-28,17,	129.17
2007-04-30,18,	128.0
2007-05-11,19,	130.68
2007-05-15,20,	129.6
2007-05-22,21,	130.35
2007-06-02,22,	131.97
2007-06-04,23,	125.82
2007-06-13,24,	128.76
2007-06-23,25,	129.47
2007-06-24,26,	128.96
2007-07-03,27,	127.64
2007-07-11,28,	128.72
2007-07-21,29,	130.95
2007-07-24,30,	132.05
2007-08-01,31,	130.24
2007-08-09,32,	129.58
2007-08-17,33,	130.39
2007-08-22,34,	134.47
2007-08-29,35,	131.05
2007-09-03,36,	128.71
2007-09-14,37,	128.81
2007-09-20,38,	131.08
2007-09-25,39,	131.47
2007-10-03,40,	129.07
2007-10-12,41,	126.53
2007-10-18,42,	130.38
2007-10-21,43,	130.81
2007-10-29,44,	127.29
2007-11-09,45,	129.54
2007-11-15,46,	130.65
2007-11-22,47,	131.58
2007-12-01,48,	131.07
2007-12-03,49,	131.97
2007-12-10,50,	134.19
2007-12-21,51,	131.57
2007-12-25,52,	131.13
AS,	200
2014-12-30,1,	177.5
2015-01-07,2,	178.75
2015-01-12,3,	183.87
2015-01-21,4,	180.9
2015-01-28,5,	183.83
2014-02-04,6,	183.94
2014-02-15,7,	182.4
2014-02-20,8,	179.65
2014-02-25,9,	180.0
2014-03-03,10,	179.54
2014-03-15,11,	176.7
2014-03-19,12,	178.8
2014-03-27,13,	176.4
2014-04-03,14,	185.85
2014-04-11,15,	184.8
2014-04-18,16,	182.03
2014-04-21,17,	184.29
2014-05-02,18,	183.12
2014-05-06,19,	183.7
2014-05-14,20,	180.09
2014-05-23,21,	182.03
2014-05-25,22,	176.43
2014-06-07,23,	172.8
2014-06-14,24,	175.43
2014-06-20,25,	179.34
2014-06-27,26,	180.65
2014-07-01,27,	180.39
2014-07-09,28,	174.42
2014-07-16,29,	175.0
2014-07-24,30,	172.7
2014-07-27,31,	176.25
2014-08-03,32,	175.5
2014-08-12,33,	170.18
2014-08-21,34,	174.54
2014-08-25,35,	167.88
2014-09-03,36,	170.87
2014-09-10,37,	173.25
2014-09-18,38,	171.28
2014-09-22,39,	171.52
2014-10-01,40,	173.62
2014-10-06,41,	173.88
2014-10-16,42,	171.84
2014-10-19,43,	172.48
2014-10-27,44,	176.4
2014-11-05,45,	172.8
2014-11-13,46,	177.14
2014-11-17,47,	172.2
2014-11-23,48,	175.39
2014-12-01,49,	175.79
2014-12-10,50,	180.0
2014-12-17,51,	182.0
2014-12-21,52,	180.91
AS,	200
1988-01-01,1,	50.25
1988-01-03,2,	51.42
1988-01-16,3,	52.2
1988-01-18,4,	49.2
1988-01-27,5,	52.0
1988-01-31,6,	51.75
AS,	200
1995-01-03,1,	72.36
1995-01-12,2,	75.9
1995-01-20,3,	73.74
1995-01-24,4,	72.7
1995-01-30,5,	70.72
1994-02-03,6,	65.53
1994-02-12,7,	66.75
1994-02-15,8,	65.52
1994-02-21,9,	65.0
1994-03-03,10,	66.75
1994-03-11,11,	68.95
1994-03-16,12,	63.67
1994-03-20,13,	67.07
1994-04-02,14,	67.2
1994-04-07,15,	67.94
1994-04-11,16,	67.89
1994-04-18,17,	66.05
1994-04-30,18,	69.0
1994-05-01,19,	67.17
1994-05-13,20,	66.81
1994-05-19,21,	65.29
1994-05-22,22,	67.08
1994-05-30,23,	66.5
1994-06-11,24,	66.59
1994-06-14,25,	65.9
1994-06-20,26,	67.2
1994-06-27,27,	65.55
1994-07-06,28,	68.16
1994-07-16,29,	70.38
1994-07-22,30,	70.52
1994-07-27,31,	68.34
1994-08-06,32,	69.46
1994-08-13,33,	70.59
1994-08-15,34,	67.62
1994-08-25,35,	70.27
1994-09-01,36,	69.5
1994-09-05,37,	68.59
1994-09-17,38,	70.3
1994-09-24,39,	69.93
1994-09-26,40,	72.8
1994-10-05,41,	71.26
1994-10-11,42,	69.3
1994-10-16,43,	68.88
1994-10-23,44,	71.04
1994-11-01,45,	69.44
1994-11-07,46,	69.43
1994-11-16,47,	69.59
1994-11-20,48,	69.92
1994-12-03,49,	72.28
1994-12-07,50,	73.01
1994-12-16,51,	76.63
1994-12-18,52,	74.29
1994-12-27,53,	76.5
AS,	200
2002-01-02,1,	114.56
2002-01-08,2,	118.36
2002-01-18,3,	117.3
2002-01-21,4,	118.36
2002-01-30,5,	115.2
2001-02-10,6,	117.52
2001-02-14,7,	115.91
2001-02-19,8,	118.8
2001-03-02,9,	115.61
2001-03-06,10,	117.12
2001-03-13,11,	117.04
2001-03-19,12,	115.92
2001-03-25,13,	118.31
2001-04-04,14,	117.02
2001-04-08,15,	114.55
2001-04-20,16,	117.42
2001-04-28,17,	118.04
2001-05-04,18,	117.17
2001-05-11,19,	114.24
2001-05-16,20,	114.0
2001-05-22,21,	114.84
2001-06-01,22,	116.69
2001-06-03,23,	114.59
2001-06-11,24,	115.43
2001-06-22,25,	116.92
2001-06-28,26,	114.54
2001-07-06,27,	115.2
2001-07-10,28,	117.52
2001-07-17,29,	117.56
2001-07-25,30,	117.53
2001-07-29,31,	116.59
2001-08-05,32,	115.5
2001-08-14,33,	119.64
2001-08-22,34,	118.56
2001-08-30,35,	115.34
2001-09-05,36,	116.24
2001-09-11,37,	117.0
2001-09-19,38,	117.37
2001-09-25,39,	118.47
2001-10-05,40,	117.24
2001-10-12,41,	115.7
2001-10-14,42,	119.44
2001-10-25,43,	113.47
2001-11-02,44,	112.56
2001-11-08,45,	114.25
2001-11-16,46,	113.28
2001-11-21,47,	111.55
2001-11-28,48,	113.36
2001-12-07,49,	117.04
2001-12-11,50,	116.55
2001-12-19,51,	113.44
2001-12-25,52,	115.29
AS,	200
2009-01-02,1,	149.1
2009-01-09,2,	157.19
2009-01-14,3,	150.91
2009-01-21,4,	151.25
2009-01-27,5,	151.19
2008-02-06,6,	143.08
2008-02-12,7,	144.32
2008-02-21,8,	145.35
2008-02-24,9,	145.42
2008-03-05,10,	145.29
2008-03-14,11,	144.42
2008-03-21,12,	145.98
2008-03-26,13,	143.37
2008-04-05,14,	145.07
2008-04-12,15,	143.07
2008-04-19,16,	143.78
2008-04-23,17,	145.6
2008-05-02,18,	145.53
2008-05-10,19,	143.8
2008-05-11,20,	143.63
2008-05-21,21,	143.45
2008-05-26,22,	150.1
2008-06-04,23,	149.38
2008-06-11,24,	154.82
2008-06-19,25,	147.6
2008-06-27,26,	148.57
2008-06-30,27,	143.82
2008-08-02,31,	147.69
2008-08-07,32,	153.0
2008-08-15,33,	149.0
2008-08-18,34,	152.55
2008-08-30,35,	152.91
2008-09-01,36,	149.42
2008-09-07,37,	149.72
2008-09-14,38,	150.15
2008-09-25,39,	151.28
2008-09-29,40,	151.95
2008-10-11,41,	153.52
2008-10-12,42,	150.44
2008-10-19,43,	150.88
2008-11-01,44,	152.0
2008-11-08,45,	148.96
2008-11-10,46,	149.19
2008-11-19,47,	150.83
2008-11-29,48,	149.97
2008-12-04,49,	151.97
2008-12-12,50,	152.9
2008-12-15,51,	151.42
2008-12-25,52,	153.69
AS,	200
2015-02-04,6,	194.81
2015-02-13,7,	191.4
2015-02-15,8,	188.37
2015-02-28,9,	193.06
2015-03-03,10,	189.2
2015-03-10,11,	187.77
2015-03-19,12,	188.75
2015-03-22,13,	191.7
2015-04-01,14,	186.2
2015-04-10,15,	193.03
2015-04-15,16,	196.02
2015-04-25,17,	193.0
2015-04-26,18,	198.4
2015-05-09,19,	193.11
2015-05-14,20,	190.4
2015-05-23,21,	191.21
2015-05-28,22,	191.56
2015-06-05,23,	187.51
2015-06-09,24,	190.92
2015-06-14,25,	193.2
2015-06-23,26,	190.92
2015-06-29,27,	190.89
2015-07-05,28,	192.45
2015-07-14,29,	188.57
2015-07-23,30,	188.64
2015-07-30,31,	189.07
2015-08-07,32,	189.75
2015-08-13,33,	191.84
2015-08-17,34,	189.0
2015-08-27,35,	189.66
2015-09-03,36,	185.44
2015-09-11,37,	188.78
2015-09-18,38,	192.0
2015-09-22,39,	189.0
2015-10-01,40,	185.85
2015-10-10,41,	191.1
2015-10-16,42,	187.47
2015-10-24,43,	191.98
2015-10-30,44,	195.8
2015-11-04,45,	198.0
2015-11-14,46,	194.35
2015-11-15,47,	193.05
2015-11-27,48,	194.02
2015-12-01,49,	196.2
